{"fov": 60.2391410444119, "sensitivity": 0.002, "volume": 0.1120058565153733}